[
  {
    "Number": "5595910042728352",
    "ExpYear": "2026",
    "ExpMonth": "9",
    "Name": "aaron couto",
    "CVC": "096"
  },
  {
    "Number": "341160164761009",
    "ExpYear": "2028",
    "ExpMonth": "11",
    "Name": "aaron couto",
    "CVC": "6522"
  },
  {
    "Number": "371678493671014",
    "ExpYear": "2030",
    "ExpMonth": "3",
    "Name": "aaron couto",
    "CVC": "7447"
  },
  {
    "Number": "371678578661013",
    "ExpYear": "2030",
    "ExpMonth": "3",
    "Name": "aaron couto",
    "CVC": "2651"
  },
  {
    "Number": "341160164763005",
    "ExpYear": "2030",
    "ExpMonth": "10",
    "Name": "aaron couto",
    "CVC": "8212"
  },
  {
    "Number": "371678493672012",
    "ExpYear": "2030",
    "ExpMonth": "10",
    "Name": "aaron couto",
    "CVC": "1178"
  },
  {
    "Number": "371678493673010",
    "ExpYear": "2030",
    "ExpMonth": "11",
    "Name": "aaron couto",
    "CVC": "0598"
  },
  {
    "Number": "5595910033917196",
    "ExpYear": "2026",
    "ExpMonth": "9",
    "Name": "aaron couto",
    "CVC": "735"
  }
]